{"schemaVersion":"1.0","appDefinitionTemplate":{"id":"/providers/Microsoft.PowerApps/apps/","type":"Microsoft.PowerApps/apps","tags":{"primaryDeviceWidth":"1366","primaryDeviceHeight":"768","sienaVersion":"20220223T115216Z-3.22015.31.0","deviceCapabilities":"","supportsPortrait":"false","supportsLandscape":"true","primaryFormFactor":"Tablet","publisherVersion":"3.22015.31","minimumRequiredApiVersion":"2.2.0","hasComponent":"false","hasUnlockedComponent":"false","isUnifiedRootApp":"false"},"properties":{"appVersion":"2022-02-23T11:52:16Z","lifeCycleId":"Published","createdByClientVersion":{"major":3,"minor":22015,"build":31,"revision":0,"majorRevision":0,"minorRevision":0},"minClientVersion":{"major":3,"minor":22015,"build":31,"revision":0,"majorRevision":0,"minorRevision":0},"backgroundColor":"rgba(37, 62, 143, 1)","backgroundImageUri":"/14862368297794591217/Ndb48ccaa-54b2-4c0d-abea-1b4415c16a43-logoSmallFile","displayName":"Leave Request App","description":"","commitMessage":"","appUris":{"documentUri":{"value":"/14862368297794591217/N59c17ca2-2e67-4a71-9aeb-b3530398a12d-document.msapp"},"imageUris":[]},"createdTime":"0001-01-01T00:00:00Z","lastModifiedTime":"0001-01-01T00:00:00Z","sharedGroupsCount":0,"sharedUsersCount":0,"icons":{"smallIconUri":"/14862368297794591217/N8fe3e65a-d8a6-48e2-8a16-f8ee98ffcb56-small.png","mediumIconUri":"/14862368297794591217/N1b18ebe1-2cb6-4703-8b86-4aac6b194546-medium.png","largeIconUri":"/14862368297794591217/Ne6f093c1-3f53-415b-9f5a-88b72f7ceadb-large.png","wideIconUri":"/14862368297794591217/N82a289a2-c9a8-410b-908f-f71eb056819f-wide.png"},"connectionReferences":{"ad58caaa-be00-4ac5-8379-376f777c9d12":{"id":"aee446fb-1d1d-475d-89c9-8433757f79e9","displayName":"Office 365 Users","iconUri":"https://connectoricons-prod.azureedge.net/releases/v1.0.1551/1.0.1551.2693/office365users/icon.png","dataSources":["Office365Users"],"dependencies":[],"dependents":["bd4a3c43-6822-4ec0-a39a-fce98568aa60"],"parameterHints":{},"parameterHintsV2":{},"isOnPremiseConnection":false,"bypassConsent":false,"dataSets":{},"apiTier":"Standard","isCustomApiConnection":false,"actions":["ManagerV2"]},"76a12617-43a0-43f7-8b5b-0a5e98afe045":{"id":"06a2ddcb-6a75-4245-b617-3b524e574fea","displayName":"SharePoint","iconUri":"https://connectoricons-prod.azureedge.net/releases/v1.0.1550/1.0.1550.2686/sharepointonline/icon.png","dataSources":["Leave Request"],"dependencies":[],"dependents":["bd4a3c43-6822-4ec0-a39a-fce98568aa60"],"parameterHints":{},"parameterHintsV2":{},"isOnPremiseConnection":false,"bypassConsent":false,"dataSets":{"https://13p8pr.sharepoint.com/sites/LeaveRequestApp":{"dataSources":{"Leave Request":{"tableName":"eb759709-8309-4ac7-80bc-f41afecb9cd2"}}}},"apiTier":"Standard","isCustomApiConnection":false,"actions":["providers/PowerPlatform.Governance/Operations/Read","providers/PowerPlatform.Governance/Operations/Write"]},"bd4a3c43-6822-4ec0-a39a-fce98568aa60":{"id":"1401c046-6150-4c3c-8917-0634ebee8a0f","displayName":"Logic flows","iconUri":"https://connectoricons-prod.azureedge.net/releases/v1.0.1534/1.0.1534.2605/logicflows/icon.png","dataSources":["LeaveRequestApprovalProcessflow"],"dependencies":["76a12617-43a0-43f7-8b5b-0a5e98afe045","ad58caaa-be00-4ac5-8379-376f777c9d12","c8e0a1af-133f-40a1-b8d8-fbea4739f50c"],"dependents":[],"parameterHints":{"workflowName":{"value":"2d41093d-4396-41c2-9c67-f82e81c23432"},"workflowEntityId":{},"76a12617-43a0-43f7-8b5b-0a5e98afe045":{"value":"shared_sharepointonline"},"ad58caaa-be00-4ac5-8379-376f777c9d12":{"value":"shared_office365users"},"c8e0a1af-133f-40a1-b8d8-fbea4739f50c":{"value":"shared_approvals"}},"parameterHintsV2":{"shared_sharepointonline":{"value":"76a12617-43a0-43f7-8b5b-0a5e98afe045"},"shared_office365users":{"value":"ad58caaa-be00-4ac5-8379-376f777c9d12"},"shared_approvals":{"value":"c8e0a1af-133f-40a1-b8d8-fbea4739f50c"}},"isOnPremiseConnection":false,"bypassConsent":false,"dataSets":{},"apiTier":"Standard","isCustomApiConnection":false,"actions":["Run"]},"c8e0a1af-133f-40a1-b8d8-fbea4739f50c":{"id":"afe29b9a-93b4-41b6-ad27-a8987b98ed73","displayName":"Approvals","iconUri":"https://connectoricons-prod.azureedge.net/releases/v1.0.1535/1.0.1535.2607/approvals/icon.png","dataSources":[],"dependencies":[],"dependents":["bd4a3c43-6822-4ec0-a39a-fce98568aa60"],"parameterHints":{},"parameterHintsV2":{},"isOnPremiseConnection":false,"bypassConsent":false,"dataSets":{},"apiTier":"Standard","isCustomApiConnection":false}},"databaseReferences":{},"almMode":"Environment","performanceOptimizationEnabled":true,"canConsumeAppPass":true,"executionRestrictions":{"isTeamsOnly":false,"dataLossPreventionEvaluationResult":{"status":"Compliant","lastEvaluationDate":"2021-05-08T22:13:58.5958417Z","violations":[],"violationsByPolicy":[],"violationErrorMessage":"The app uses the following connectors: shared_office365users, shared_sharepointonline."}}},"appType":"ClassicCanvasApp","appComponents":[]}}