{"name":"8f4c1078-25f3-4f9e-8049-6d48efe61624","id":"/providers/Microsoft.Flow/flows/8f4c1078-25f3-4f9e-8049-6d48efe61624","type":"Microsoft.Flow/flows","properties":{"apiId":"/providers/Microsoft.PowerApps/apis/shared_logicflows","displayName":"Leave Request Approval Process flow","definition":{"metadata":{"workflowEntityId":null,"processAdvisorMetadata":null,"flowclientsuspensionreason":"None","flowclientsuspensiontime":null,"creator":{"id":"7e290ebb-4f64-4793-8f90-6326dacc21e6","type":"User","tenantId":"3e982007-fcc4-429d-80de-06c8f105944e"},"provisioningMethod":"FromDefinition","failureAlertSubscription":true,"clientLastModifiedTime":"2022-02-23T12:06:23.1078768Z"},"$schema":"https://schema.management.azure.com/providers/Microsoft.Logic/schemas/2016-06-01/workflowdefinition.json#","contentVersion":"1.0.0.0","parameters":{"$connections":{"defaultValue":{},"type":"Object"},"$authentication":{"defaultValue":{},"type":"SecureObject"}},"triggers":{"manual":{"metadata":{"operationMetadataId":"e0c07902-68ab-4e72-9bab-13f3db6224c7"},"type":"Request","kind":"PowerApp","inputs":{"schema":{"type":"object","properties":{"ItemID_Inputs":{"type":"any","description":"Inputs","x-ms-powerflows-param-ispartial":false},"HREmail_Inputs":{"type":"any","description":"Inputs","x-ms-powerflows-param-ispartial":false}},"required":["ItemID_Inputs","HREmail_Inputs"]}}}},"actions":{"ItemID":{"runAfter":{},"metadata":{"operationMetadataId":"bdd9b343-f2cc-4148-8a09-bf17f7bf73ea"},"type":"Compose","inputs":"@triggerBody()['ItemID_Inputs']"},"Get_item":{"runAfter":{"HREmail":["Succeeded"]},"metadata":{"operationMetadataId":"b4535e3e-9600-4ab1-b13c-0adfdca84911"},"type":"OpenApiConnection","inputs":{"host":{"apiId":"/providers/Microsoft.PowerApps/apis/shared_sharepointonline","connectionName":"shared_sharepointonline","operationId":"GetItem"},"parameters":{"dataset":"@outputs('SiteURL')","table":"Leave Request","id":"@outputs('ItemID')"},"authentication":{"value":"@json(decodeBase64(triggerOutputs().headers['X-MS-APIM-Tokens']))['$ConnectionKey']","type":"Raw"}}},"Get_manager_(V2)":{"runAfter":{"Get_item":["Succeeded"]},"metadata":{"operationMetadataId":"4968c369-c4d9-4ad8-9bcf-b7f3d4e61f35"},"type":"OpenApiConnection","inputs":{"host":{"apiId":"/providers/Microsoft.PowerApps/apis/shared_office365users","connectionName":"shared_office365users","operationId":"Manager_V2"},"parameters":{"id":"@outputs('Get_item')?['body/Author/Email']"},"authentication":{"value":"@json(decodeBase64(triggerOutputs().headers['X-MS-APIM-Tokens']))['$ConnectionKey']","type":"Raw"}}},"Manager_Approval":{"runAfter":{"Get_manager_(V2)":["Succeeded"]},"metadata":{"operationMetadataId":"3dbd01cb-0c1f-41e6-877f-d2a710826619"},"type":"OpenApiConnection","inputs":{"host":{"apiId":"/providers/Microsoft.PowerApps/apis/shared_approvals","connectionName":"shared_approvals","operationId":"CreateAnApproval"},"parameters":{"approvalType":"Basic","ApprovalCreationInput/title":"Leave Request Manager Approval - @{outputs('Get_item')?['body/Title']}","ApprovalCreationInput/assignedTo":"@{outputs('Get_manager_(V2)')?['body/mail']};","ApprovalCreationInput/details":"@{outputs('Get_item')?['body/Title']}\n@{outputs('Get_item')?['body/LeaveType/Value']}","ApprovalCreationInput/itemLink":"@outputs('Get_item')?['body/{Link}']","ApprovalCreationInput/itemLinkDescription":"@outputs('Get_item')?['body/Title']","ApprovalCreationInput/enableNotifications":true,"ApprovalCreationInput/enableReassignment":true},"authentication":{"value":"@json(decodeBase64(triggerOutputs().headers['X-MS-APIM-Tokens']))['$ConnectionKey']","type":"Raw"}}},"Update_item":{"runAfter":{"Manager_Approval":["Succeeded"]},"metadata":{"operationMetadataId":"d036ff0c-ab38-4398-a83f-81bb5b3732d8"},"type":"OpenApiConnection","inputs":{"host":{"apiId":"/providers/Microsoft.PowerApps/apis/shared_sharepointonline","connectionName":"shared_sharepointonline","operationId":"PatchItem"},"parameters":{"dataset":"@outputs('SiteURL')","table":"Leave Request","id":"@outputs('Get_item')?['body/ID']","item":{"ApprovalLink":"@{outputs('Manager_Approval')?['body/respondLink']}"}},"authentication":{"value":"@json(decodeBase64(triggerOutputs().headers['X-MS-APIM-Tokens']))['$ConnectionKey']","type":"Raw"}}},"Wait_for_an_approval":{"runAfter":{"Update_item":["Succeeded"]},"metadata":{"operationMetadataId":"64ae452a-e04c-4c7a-84d6-6f1d991429d8"},"type":"OpenApiConnectionWebhook","inputs":{"host":{"apiId":"/providers/Microsoft.PowerApps/apis/shared_approvals","connectionName":"shared_approvals","operationId":"WaitForAnApproval"},"parameters":{"approvalName":"@outputs('Manager_Approval')?['body/name']"},"authentication":{"value":"@json(decodeBase64(triggerOutputs().headers['X-MS-APIM-Tokens']))['$ConnectionKey']","type":"Raw"}}},"SiteURL":{"runAfter":{"ItemID":["Succeeded"]},"metadata":{"operationMetadataId":"894ede1e-8355-403c-98b2-dfa243ed4e2f"},"type":"Compose","inputs":"https://13p8pr.sharepoint.com/sites/LeaveRequestApp"},"Condition_Manager_Approval_Outcome":{"actions":{"Apply_to_each_approved_by_manager":{"foreach":"@outputs('Wait_for_an_approval')?['body/responses']","actions":{"HR_Approval":{"runAfter":{},"metadata":{"operationMetadataId":"b43679b9-7550-47e9-955a-f5687c560124"},"type":"OpenApiConnection","inputs":{"host":{"apiId":"/providers/Microsoft.PowerApps/apis/shared_approvals","connectionName":"shared_approvals","operationId":"CreateAnApproval"},"parameters":{"approvalType":"Basic","ApprovalCreationInput/title":"Leave Request HR Approval - @{outputs('Get_item')?['body/Title']}","ApprovalCreationInput/assignedTo":"@outputs('HREmail')","ApprovalCreationInput/details":"@{outputs('Get_item')?['body/Title']}\n@{outputs('Get_item')?['body/LeaveType/Value']}","ApprovalCreationInput/itemLink":"@outputs('Get_item')?['body/{Link}']","ApprovalCreationInput/itemLinkDescription":"@outputs('Get_item')?['body/Title']","ApprovalCreationInput/enableNotifications":true,"ApprovalCreationInput/enableReassignment":true},"authentication":{"value":"@json(decodeBase64(triggerOutputs().headers['X-MS-APIM-Tokens']))['$ConnectionKey']","type":"Raw"}}},"Wait_for_HR_Approval":{"runAfter":{"Manager_Approved":["Succeeded"]},"metadata":{"operationMetadataId":"7d89ea1c-d708-4165-844c-3e624fb41cf1"},"type":"OpenApiConnectionWebhook","inputs":{"host":{"apiId":"/providers/Microsoft.PowerApps/apis/shared_approvals","connectionName":"shared_approvals","operationId":"WaitForAnApproval"},"parameters":{"approvalName":"@outputs('HR_Approval')?['body/name']"},"authentication":{"value":"@json(decodeBase64(triggerOutputs().headers['X-MS-APIM-Tokens']))['$ConnectionKey']","type":"Raw"}}},"Condition_HR_Approval":{"actions":{"Apply_to_each_approved_by_hr":{"foreach":"@outputs('Wait_for_HR_Approval')?['body/responses']","actions":{"HR_Approved":{"runAfter":{},"metadata":{"operationMetadataId":"960423b9-4fdb-45ed-9dc8-72b81cf3be53"},"type":"OpenApiConnection","inputs":{"host":{"apiId":"/providers/Microsoft.PowerApps/apis/shared_sharepointonline","connectionName":"shared_sharepointonline","operationId":"PatchItem"},"parameters":{"dataset":"@outputs('SiteURL')","table":"Leave Request","id":"@outputs('Get_item')?['body/ID']","item":{"Status":{"Value":"Approved"},"ApprovalComments":"✔️ Approved By HR ( @{items('Apply_to_each_approved_by_hr')?['responder/displayName']} ) : @{items('Apply_to_each_approved_by_hr')?['comments']}                  @{outputs('Manager_Approved')?['body/ApprovalComments']}"}},"authentication":{"value":"@json(decodeBase64(triggerOutputs().headers['X-MS-APIM-Tokens']))['$ConnectionKey']","type":"Raw"}}}},"runAfter":{},"metadata":{"operationMetadataId":"29c91cc5-2dd3-4a03-8d33-772abe115f9d"},"type":"Foreach"}},"runAfter":{"Wait_for_HR_Approval":["Succeeded"]},"else":{"actions":{"Apply_to_each_rejected_by_hr":{"foreach":"@outputs('Wait_for_HR_Approval')?['body/responses']","actions":{"HR_Rejected":{"runAfter":{},"metadata":{"operationMetadataId":"868b907a-a40e-45b5-ba44-8c4e056f7fdc"},"type":"OpenApiConnection","inputs":{"host":{"apiId":"/providers/Microsoft.PowerApps/apis/shared_sharepointonline","connectionName":"shared_sharepointonline","operationId":"PatchItem"},"parameters":{"dataset":"@outputs('SiteURL')","table":"Leave Request","id":"@outputs('Get_item')?['body/ID']","item":{"Status":{"Value":"Declined"},"ApprovalComments":"❌ Rejected By HR ( @{items('Apply_to_each_rejected_by_hr')?['responder/displayName']} ) : @{items('Apply_to_each_rejected_by_hr')?['comments']}                  @{outputs('Manager_Approved')?['body/ApprovalComments']}"}},"authentication":{"value":"@json(decodeBase64(triggerOutputs().headers['X-MS-APIM-Tokens']))['$ConnectionKey']","type":"Raw"}}}},"runAfter":{},"metadata":{"operationMetadataId":"28a0853b-32f3-46f8-96e5-775e44ea6d04"},"type":"Foreach"}}},"expression":{"equals":["@outputs('Wait_for_HR_Approval')?['body/outcome']","Approve"]},"metadata":{"operationMetadataId":"97f7c43d-bc1f-457c-83f7-f29bfabed32a"},"type":"If"},"Manager_Approved":{"runAfter":{"HR_Approval":["Succeeded"]},"metadata":{"operationMetadataId":"c19c9485-b4ab-4d3f-b19f-e583768c38cb"},"type":"OpenApiConnection","inputs":{"host":{"apiId":"/providers/Microsoft.PowerApps/apis/shared_sharepointonline","connectionName":"shared_sharepointonline","operationId":"PatchItem"},"parameters":{"dataset":"@outputs('SiteURL')","table":"Leave Request","id":"@outputs('Get_item')?['body/ID']","item":{"Status":{"Value":"Pending HR Approval"},"ApprovalComments":"✔️ Approved By Manager ( @{items('Apply_to_each_approved_by_manager')?['responder/displayName']} ) : @{items('Apply_to_each_approved_by_manager')?['comments']}","ApprovalLink":"@{outputs('HR_Approval')?['body/respondLink']}"}},"authentication":{"value":"@json(decodeBase64(triggerOutputs().headers['X-MS-APIM-Tokens']))['$ConnectionKey']","type":"Raw"}}}},"runAfter":{},"metadata":{"operationMetadataId":"a6c495c7-8e68-4f5c-ac07-35e613a57b77"},"type":"Foreach"}},"runAfter":{"Wait_for_an_approval":["Succeeded"]},"else":{"actions":{"Apply_to_each_rejected_manager":{"foreach":"@outputs('Wait_for_an_approval')?['body/responses']","actions":{"Manager_Rejected":{"runAfter":{},"metadata":{"operationMetadataId":"17975ad2-aa0f-4875-9069-1bd77816e6ae"},"type":"OpenApiConnection","inputs":{"host":{"apiId":"/providers/Microsoft.PowerApps/apis/shared_sharepointonline","connectionName":"shared_sharepointonline","operationId":"PatchItem"},"parameters":{"dataset":"@outputs('SiteURL')","table":"Leave Request","id":"@outputs('Get_item')?['body/ID']","item":{"Status":{"Value":"Declined"},"ApprovalComments":"❌ Rejected By Manager ( @{items('Apply_to_each_rejected_manager')?['responder/displayName']} ) : @{items('Apply_to_each_rejected_manager')?['comments']}"}},"authentication":{"value":"@json(decodeBase64(triggerOutputs().headers['X-MS-APIM-Tokens']))['$ConnectionKey']","type":"Raw"}}}},"runAfter":{},"metadata":{"operationMetadataId":"1893c5cc-d46d-4130-857d-2abe550de8a1"},"type":"Foreach"}}},"expression":{"equals":["@outputs('Wait_for_an_approval')?['body/outcome']","Approve"]},"metadata":{"operationMetadataId":"6dc38326-ed15-4899-a9f0-1c775506e06d"},"type":"If"},"HREmail":{"runAfter":{"SiteURL":["Succeeded"]},"metadata":{"operationMetadataId":"39222ed6-c7fb-4690-a830-d0872d83b019"},"type":"Compose","inputs":"@triggerBody()['HREmail_Inputs']"}}},"connectionReferences":{"shared_sharepointonline":{"connectionName":"7d6c2852980540b98d06faecece04d23","source":"Invoker","id":"/providers/Microsoft.PowerApps/apis/shared_sharepointonline","tier":"NotSpecified"},"shared_office365users":{"connectionName":"0825784477e145bda59d774b9811d33a","source":"Invoker","id":"/providers/Microsoft.PowerApps/apis/shared_office365users","tier":"NotSpecified"},"shared_approvals":{"connectionName":"dc09bb36504942368861bfc4983e15be","source":"Invoker","id":"/providers/Microsoft.PowerApps/apis/shared_approvals","tier":"NotSpecified"}},"flowFailureAlertSubscribed":false}}